utc,git_sha,scenario,layer,criterion,value,limit,passed
2026-08-14T00:39:49Z,78919a9,S01_S02_S07,-,max_lateral_error_m,0.269588,0.3,PASS
2026-08-14T00:39:49Z,78919a9,S01_S02_S07,-,rms_lateral_error_m,0.0896626,0.1,PASS
2026-08-14T00:39:49Z,78919a9,S01_S02_S07,-,steady_speed_error_mps,0.0625936,0.2,PASS
2026-08-14T00:39:49Z,78919a9,S01_S02_S07,-,max_lateral_accel_mps2,1.90213,2.0,PASS
2026-08-14T00:39:49Z,78919a9,S01_S02_S07,-,max_steer_rate_rad_s,0.5,0.5,PASS
2026-08-14T00:39:49Z,78919a9,S01_S02_S07,-,goal_position_error_m,0.294798,1.0,PASS
2026-08-14T00:39:49Z,78919a9,S01_S02_S07,-,goal_residual_speed_mps,0,0.05,PASS
2026-08-14T00:39:49Z,78919a9,S01_S02_S07,-,max_cycle_time_ms,1,10.0,PASS
2026-08-14T00:40:42Z,78919a9,S04_avoid,-,碰撞次数,0,0,PASS
2026-08-14T00:40:42Z,78919a9,S04_avoid,-,最小侧向间距 (m),0.532,> 0.50,PASS
2026-08-14T00:40:42Z,78919a9,S04_avoid,-,规划器最大横向偏移 (m),0.600,> 0.10,PASS
2026-08-14T00:40:42Z,78919a9,S04_avoid,-,不越车道边线：最小余量 (m),0.327,> 0,PASS
2026-08-14T00:40:42Z,78919a9,S04_avoid,-,回中心稳态 |d| (m),0.006,<= 0.15,PASS
2026-08-14T00:40:42Z,78919a9,S04_avoid,-,绕完规划器偏移归零 (m),0.000,< 0.10,PASS
2026-08-14T00:40:42Z,78919a9,S04_avoid,-,绕障段最大横向加速度 (m/s²),0.492,<= 1.5,PASS
2026-08-14T00:40:42Z,78919a9,S04_avoid,-,绕障段跟踪误差 (m),0.057,<= 0.15,PASS
2026-08-14T00:40:42Z,78919a9,S04_avoid,-,规划周期耗时 (ms),2.6,<= 50,PASS
2026-08-14T00:41:17Z,78919a9,S04_block,-,碰撞次数,0,0,PASS
2026-08-14T00:41:17Z,78919a9,S04_block,-,规划器报告不可行的拍数,445,> 0,PASS
2026-08-14T00:41:17Z,78919a9,S04_block,-,终速 (m/s),0.000,< 0.10,PASS
2026-08-14T00:41:17Z,78919a9,S04_block,-,停车点到障碍物间距 (m),4.038,>= 0.50,PASS
2026-08-14T00:43:11Z,78919a9,follow,truth,① TTC 最小值（v_rel≥1.5）,2.47 s @t=47.84,> 2 s,PASS
2026-08-14T00:43:11Z,78919a9,follow,truth,② 跟停稳态间距,4.47 m（498 拍）,"[4, 10] m",PASS
2026-08-14T00:43:11Z,78919a9,follow,truth,③ 驶离后恢复,0.70 s,≤ 3 s,PASS
2026-08-14T00:43:11Z,78919a9,follow,truth,⑧ 零碰撞（真值最小间距）,4.47 m,> 0.3 m,PASS
2026-08-14T00:43:11Z,78919a9,follow,truth,⑨ 行为状态切换次数,1（FOLLOW→CRUISE）,≤ 4 次,PASS
2026-08-14T00:45:04Z,78919a9,follow,perception,① TTC 最小值（v_rel≥1.5）,2.39 s @t=48.160000000000004,> 2 s,PASS
2026-08-14T00:45:04Z,78919a9,follow,perception,② 跟停稳态间距,4.38 m（502 拍）,"[4, 10] m",PASS
2026-08-14T00:45:04Z,78919a9,follow,perception,③ 驶离后恢复,0.88 s,≤ 3 s,PASS
2026-08-14T00:45:04Z,78919a9,follow,perception,⑧ 零碰撞（真值最小间距）,4.38 m,> 0.3 m,PASS
2026-08-14T00:45:04Z,78919a9,follow,perception,⑨ 行为状态切换次数,1（FOLLOW→CRUISE）,≤ 4 次,PASS
2026-08-14T00:46:41Z,78919a9,crossing,truth,④ 占道期间完全停止,停于 t=43.1，距 4.08 m,v<0.05 且距离>3 m,PASS
2026-08-14T00:46:41Z,78919a9,crossing,truth,⑤ 全程真值最近距离,1.69 m @t=53.3,> 1 m,PASS
2026-08-14T00:46:41Z,78919a9,crossing,truth,⑥ 离开车道后恢复,0.88 s,≤ 3 s,PASS
2026-08-14T00:46:41Z,78919a9,crossing,truth,⑧ 零碰撞（真值最小间距）,1.69 m,> 0.3 m,PASS
2026-08-14T00:46:41Z,78919a9,crossing,truth,⑨ 行为状态切换次数,3（CRUISE→YIELD→FOLLOW→CRUISE）,≤ 4 次,PASS
2026-08-14T00:48:18Z,78919a9,crossing,perception,④ 占道期间完全停止,停于 t=43.1，距 4.14 m,v<0.05 且距离>3 m,PASS
2026-08-14T00:48:18Z,78919a9,crossing,perception,⑤ 全程真值最近距离,1.65 m @t=53.6,> 1 m,PASS
2026-08-14T00:48:18Z,78919a9,crossing,perception,⑥ 离开车道后恢复,0.78 s,≤ 3 s,PASS
2026-08-14T00:48:18Z,78919a9,crossing,perception,⑧ 零碰撞（真值最小间距）,1.65 m,> 0.3 m,PASS
2026-08-14T00:48:18Z,78919a9,crossing,perception,⑨ 行为状态切换次数,3（CRUISE→YIELD→FOLLOW→CRUISE）,≤ 4 次,PASS
2026-08-14T00:51:01Z,78919a9,junction,truth,⑦ 对车流的真值最小间距,4.19 m @t=96.8 vs cross_car_c,> 1.5 m,PASS
2026-08-14T00:51:01Z,78919a9,junction,truth,⑦b 让行后恢复通过,让行停车 True，南行过路口 20 m True,恢复行驶且驶入横穿路,PASS
2026-08-14T00:51:01Z,78919a9,junction,truth,⑧ 零碰撞（真值最小间距）,4.19 m,> 0.3 m,PASS
2026-08-14T00:51:01Z,78919a9,junction,truth,⑨ 行为状态切换次数,3（CRUISE→YIELD→FOLLOW→CRUISE）,≤ 4 次,PASS
2026-08-14T00:53:59Z,78919a9,junction,perception,⑦ 对车流的真值最小间距,3.62 m @t=96.7 vs cross_car_c,> 1.5 m,PASS
2026-08-14T00:53:59Z,78919a9,junction,perception,⑦b 让行后恢复通过,让行停车 True，南行过路口 20 m True,恢复行驶且驶入横穿路,PASS
2026-08-14T00:53:59Z,78919a9,junction,perception,⑧ 零碰撞（真值最小间距）,3.62 m,> 0.3 m,PASS
2026-08-14T00:53:59Z,78919a9,junction,perception,⑨ 行为状态切换次数,3（CRUISE→YIELD→FOLLOW→CRUISE）,≤ 4 次,PASS
2026-08-14T00:55:18Z,78919a9,S01_S02_S07,-,max_lateral_error_m,0.284393,0.3,PASS
2026-08-14T00:55:18Z,78919a9,S01_S02_S07,-,rms_lateral_error_m,0.0897676,0.1,PASS
2026-08-14T00:55:18Z,78919a9,S01_S02_S07,-,steady_speed_error_mps,0.0625636,0.2,PASS
2026-08-14T00:55:18Z,78919a9,S01_S02_S07,-,max_lateral_accel_mps2,1.92245,2.0,PASS
2026-08-14T00:55:18Z,78919a9,S01_S02_S07,-,max_steer_rate_rad_s,0.5,0.5,PASS
2026-08-14T00:55:18Z,78919a9,S01_S02_S07,-,goal_position_error_m,0.275139,1.0,PASS
2026-08-14T00:55:18Z,78919a9,S01_S02_S07,-,goal_residual_speed_mps,0,0.05,PASS
2026-08-14T00:55:18Z,78919a9,S01_S02_S07,-,max_cycle_time_ms,2,10.0,PASS
2026-08-14T00:56:11Z,78919a9,S04_avoid,-,碰撞次数,0,0,PASS
2026-08-14T00:56:11Z,78919a9,S04_avoid,-,最小侧向间距 (m),0.532,> 0.50,PASS
2026-08-14T00:56:11Z,78919a9,S04_avoid,-,规划器最大横向偏移 (m),0.600,> 0.10,PASS
2026-08-14T00:56:11Z,78919a9,S04_avoid,-,不越车道边线：最小余量 (m),0.327,> 0,PASS
2026-08-14T00:56:11Z,78919a9,S04_avoid,-,回中心稳态 |d| (m),0.006,<= 0.15,PASS
2026-08-14T00:56:11Z,78919a9,S04_avoid,-,绕完规划器偏移归零 (m),0.000,< 0.10,PASS
2026-08-14T00:56:11Z,78919a9,S04_avoid,-,绕障段最大横向加速度 (m/s²),0.492,<= 1.5,PASS
2026-08-14T00:56:11Z,78919a9,S04_avoid,-,绕障段跟踪误差 (m),0.061,<= 0.15,PASS
2026-08-14T00:56:11Z,78919a9,S04_avoid,-,规划周期耗时 (ms),2.3,<= 50,PASS
2026-08-14T00:56:46Z,78919a9,S04_block,-,碰撞次数,0,0,PASS
2026-08-14T00:56:46Z,78919a9,S04_block,-,规划器报告不可行的拍数,444,> 0,PASS
2026-08-14T00:56:46Z,78919a9,S04_block,-,终速 (m/s),0.000,< 0.10,PASS
2026-08-14T00:56:46Z,78919a9,S04_block,-,停车点到障碍物间距 (m),4.040,>= 0.50,PASS
2026-08-14T00:58:39Z,78919a9,follow,truth,① TTC 最小值（v_rel≥1.5）,2.45 s @t=47.86,> 2 s,PASS
2026-08-14T00:58:39Z,78919a9,follow,truth,② 跟停稳态间距,4.45 m（496 拍）,"[4, 10] m",PASS
2026-08-14T00:58:39Z,78919a9,follow,truth,③ 驶离后恢复,0.76 s,≤ 3 s,PASS
2026-08-14T00:58:39Z,78919a9,follow,truth,⑧ 零碰撞（真值最小间距）,4.45 m,> 0.3 m,PASS
2026-08-14T00:58:39Z,78919a9,follow,truth,⑨ 行为状态切换次数,1（FOLLOW→CRUISE）,≤ 4 次,PASS
2026-08-14T01:00:32Z,78919a9,follow,perception,① TTC 最小值（v_rel≥1.5）,2.37 s @t=48.06,> 2 s,PASS
2026-08-14T01:00:32Z,78919a9,follow,perception,② 跟停稳态间距,4.38 m（501 拍）,"[4, 10] m",PASS
2026-08-14T01:00:32Z,78919a9,follow,perception,③ 驶离后恢复,0.86 s,≤ 3 s,PASS
2026-08-14T01:00:32Z,78919a9,follow,perception,⑧ 零碰撞（真值最小间距）,4.38 m,> 0.3 m,PASS
2026-08-14T01:00:32Z,78919a9,follow,perception,⑨ 行为状态切换次数,1（FOLLOW→CRUISE）,≤ 4 次,PASS
2026-08-14T01:02:09Z,78919a9,crossing,truth,④ 占道期间完全停止,停于 t=43.1，距 4.04 m,v<0.05 且距离>3 m,PASS
2026-08-14T01:02:09Z,78919a9,crossing,truth,⑤ 全程真值最近距离,1.67 m @t=54.3,> 1 m,PASS
2026-08-14T01:02:09Z,78919a9,crossing,truth,⑥ 离开车道后恢复,0.84 s,≤ 3 s,PASS
2026-08-14T01:02:09Z,78919a9,crossing,truth,⑧ 零碰撞（真值最小间距）,1.67 m,> 0.3 m,PASS
2026-08-14T01:02:09Z,78919a9,crossing,truth,⑨ 行为状态切换次数,3（CRUISE→YIELD→FOLLOW→CRUISE）,≤ 4 次,PASS
2026-08-14T01:03:45Z,78919a9,crossing,perception,④ 占道期间完全停止,停于 t=43.1，距 4.15 m,v<0.05 且距离>3 m,PASS
2026-08-14T01:03:45Z,78919a9,crossing,perception,⑤ 全程真值最近距离,1.64 m @t=53.5,> 1 m,PASS
2026-08-14T01:03:45Z,78919a9,crossing,perception,⑥ 离开车道后恢复,0.68 s,≤ 3 s,PASS
2026-08-14T01:03:45Z,78919a9,crossing,perception,⑧ 零碰撞（真值最小间距）,1.64 m,> 0.3 m,PASS
2026-08-14T01:03:45Z,78919a9,crossing,perception,⑨ 行为状态切换次数,3（CRUISE→YIELD→FOLLOW→CRUISE）,≤ 4 次,PASS
2026-08-14T01:06:35Z,78919a9,junction,truth,⑦ 对车流的真值最小间距,4.25 m @t=96.7 vs cross_car_c,> 1.5 m,PASS
2026-08-14T01:06:35Z,78919a9,junction,truth,⑦b 让行后恢复通过,让行停车 True，南行过路口 20 m True,恢复行驶且驶入横穿路,PASS
2026-08-14T01:06:35Z,78919a9,junction,truth,⑧ 零碰撞（真值最小间距）,4.25 m,> 0.3 m,PASS
2026-08-14T01:06:35Z,78919a9,junction,truth,⑨ 行为状态切换次数,3（CRUISE→YIELD→FOLLOW→CRUISE）,≤ 4 次,PASS
2026-08-14T01:09:17Z,78919a9,junction,perception,⑦ 对车流的真值最小间距,2.80 m @t=96.9 vs cross_car_c,> 1.5 m,PASS
2026-08-14T01:09:17Z,78919a9,junction,perception,⑦b 让行后恢复通过,让行停车 True，南行过路口 20 m True,恢复行驶且驶入横穿路,PASS
2026-08-14T01:09:17Z,78919a9,junction,perception,⑧ 零碰撞（真值最小间距）,2.80 m,> 0.3 m,PASS
2026-08-14T01:09:17Z,78919a9,junction,perception,⑨ 行为状态切换次数,3（CRUISE→YIELD→FOLLOW→CRUISE）,≤ 4 次,PASS
2026-08-15T07:49:20Z,891268d,S01_S02_S07,-,max_lateral_error_m,0.269236,0.3,PASS
2026-08-15T07:49:20Z,891268d,S01_S02_S07,-,rms_lateral_error_m,0.0895937,0.1,PASS
2026-08-15T07:49:20Z,891268d,S01_S02_S07,-,steady_speed_error_mps,0.0626324,0.2,PASS
2026-08-15T07:49:20Z,891268d,S01_S02_S07,-,max_lateral_accel_mps2,1.86957,2.0,PASS
2026-08-15T07:49:20Z,891268d,S01_S02_S07,-,max_steer_rate_rad_s,0.5,0.5,PASS
2026-08-15T07:49:20Z,891268d,S01_S02_S07,-,goal_position_error_m,0.273192,1.0,PASS
2026-08-15T07:49:20Z,891268d,S01_S02_S07,-,goal_residual_speed_mps,0,0.05,PASS
2026-08-15T07:49:20Z,891268d,S01_S02_S07,-,max_cycle_time_ms,4,10.0,PASS
2026-08-15T07:50:14Z,891268d,S04_avoid,-,碰撞次数,0,0,PASS
2026-08-15T07:50:14Z,891268d,S04_avoid,-,最小侧向间距 (m),0.699,> 0.50,PASS
2026-08-15T07:50:14Z,891268d,S04_avoid,-,规划器最大横向偏移 (m),0.800,> 0.10,PASS
2026-08-15T07:50:14Z,891268d,S04_avoid,-,不越车道边线：最小余量 (m),0.162,> 0,PASS
2026-08-15T07:50:14Z,891268d,S04_avoid,-,回中心稳态 |d| (m),0.018,<= 0.15,PASS
2026-08-15T07:50:14Z,891268d,S04_avoid,-,绕完规划器偏移归零 (m),0.000,< 0.10,PASS
2026-08-15T07:50:14Z,891268d,S04_avoid,-,绕障段最大横向加速度 (m/s²),0.750,<= 1.5,PASS
2026-08-15T07:50:14Z,891268d,S04_avoid,-,绕障段跟踪误差 (m),0.086,<= 0.15,PASS
2026-08-15T07:50:14Z,891268d,S04_avoid,-,规划周期耗时 (ms),2.5,<= 50,PASS
2026-08-15T07:50:49Z,891268d,S04_block,-,碰撞次数,0,0,PASS
2026-08-15T07:50:49Z,891268d,S04_block,-,规划器报告不可行的拍数,444,> 0,PASS
2026-08-15T07:50:49Z,891268d,S04_block,-,终速 (m/s),0.000,< 0.10,PASS
2026-08-15T07:50:49Z,891268d,S04_block,-,停车点到障碍物间距 (m),4.040,>= 0.50,PASS
2026-08-15T07:52:40Z,891268d,follow,truth,① TTC 最小值（v_rel≥1.5）,2.43 s @t=47.74,> 2 s,PASS
2026-08-15T07:52:40Z,891268d,follow,truth,② 跟停稳态间距,4.48 m（497 拍）,"[4, 10] m",PASS
2026-08-15T07:52:40Z,891268d,follow,truth,③ 驶离后恢复,0.70 s,≤ 3 s,PASS
2026-08-15T07:52:40Z,891268d,follow,truth,⑧ 零碰撞（真值最小间距）,4.48 m,> 0.3 m,PASS
2026-08-15T07:52:40Z,891268d,follow,truth,⑨ 行为状态切换次数,1（FOLLOW→CRUISE）,≤ 4 次,PASS
2026-08-15T07:54:40Z,0a5965b,follow,perception,① TTC 最小值（v_rel≥1.5）,inf s @t=None,> 2 s,PASS
2026-08-15T07:54:40Z,0a5965b,follow,perception,② 跟停稳态间距,-3.82 m（249 拍）,"[4, 10] m",FAIL
2026-08-15T07:54:40Z,0a5965b,follow,perception,③ 驶离后恢复,0.02 s,≤ 3 s,PASS
2026-08-15T07:54:40Z,0a5965b,follow,perception,⑧ 零碰撞（真值最小间距）,0.00 m,> 0.3 m,FAIL
2026-08-15T07:56:19Z,0a5965b,crossing,truth,④ 占道期间完全停止,停于 t=43.1，距 4.04 m,v<0.05 且距离>3 m,PASS
2026-08-15T07:56:19Z,0a5965b,crossing,truth,⑤ 全程真值最近距离,1.62 m @t=54.3,> 1 m,PASS
2026-08-15T07:56:19Z,0a5965b,crossing,truth,⑥ 离开车道后恢复,0.86 s,≤ 3 s,PASS
2026-08-15T07:56:19Z,0a5965b,crossing,truth,⑧ 零碰撞（真值最小间距）,1.62 m,> 0.3 m,PASS
2026-08-15T07:56:19Z,0a5965b,crossing,truth,⑨ 行为状态切换次数,3（CRUISE→YIELD→FOLLOW→CRUISE）,≤ 4 次,PASS
2026-08-15T07:58:01Z,0a5965b,crossing,perception,④ 占道期间完全停止,停于 t=43.1，距 4.09 m,v<0.05 且距离>3 m,PASS
2026-08-15T07:58:01Z,0a5965b,crossing,perception,⑤ 全程真值最近距离,0.01 m @t=45.8,> 1 m,FAIL
2026-08-15T07:58:01Z,0a5965b,crossing,perception,⑥ 离开车道后恢复,0.02 s,≤ 3 s,PASS
2026-08-15T07:58:01Z,0a5965b,crossing,perception,⑧ 零碰撞（真值最小间距）,0.01 m,> 0.3 m,FAIL
2026-08-15T07:58:01Z,0a5965b,crossing,perception,⑨ 行为状态切换次数,2（CRUISE→YIELD→CRUISE）,≤ 4 次,PASS
2026-08-15T08:01:06Z,0a5965b,junction,truth,⑦ 对车流的真值最小间距,4.23 m @t=96.8 vs cross_car_c,> 1.5 m,PASS
2026-08-15T08:01:06Z,0a5965b,junction,truth,⑦b 让行后恢复通过,让行停车 True，南行过路口 20 m True,恢复行驶且驶入横穿路,PASS
2026-08-15T08:01:06Z,0a5965b,junction,truth,⑧ 零碰撞（真值最小间距）,4.23 m,> 0.3 m,PASS
2026-08-15T08:01:06Z,0a5965b,junction,truth,⑨ 行为状态切换次数,3（CRUISE→YIELD→FOLLOW→CRUISE）,≤ 4 次,PASS
2026-08-15T08:04:10Z,0a5965b,junction,perception,⑦ 对车流的真值最小间距,0.00 m @t=98.5 vs cross_car_c,> 1.5 m,FAIL
2026-08-15T08:04:10Z,0a5965b,junction,perception,⑦b 让行后恢复通过,让行停车 True，南行过路口 20 m True,恢复行驶且驶入横穿路,PASS
2026-08-15T08:04:10Z,0a5965b,junction,perception,⑧ 零碰撞（真值最小间距）,0.00 m,> 0.3 m,FAIL
2026-08-15T08:11:59Z,0a5965b,follow,truth,① TTC 最小值（v_rel≥1.5）,2.43 s @t=47.84,> 2 s,PASS
2026-08-15T08:11:59Z,0a5965b,follow,truth,② 跟停稳态间距,4.41 m（498 拍）,"[4, 10] m",PASS
2026-08-15T08:11:59Z,0a5965b,follow,truth,③ 驶离后恢复,0.68 s,≤ 3 s,PASS
2026-08-15T08:11:59Z,0a5965b,follow,truth,⑧ 零碰撞（真值最小间距）,4.41 m,> 0.3 m,PASS
2026-08-15T08:11:59Z,0a5965b,follow,truth,⑨ 行为状态切换次数,1（FOLLOW→CRUISE）,≤ 4 次,PASS
2026-08-15T08:14:07Z,0a5965b,follow,perception,① TTC 最小值（v_rel≥1.5）,inf s @t=None,> 2 s,PASS
2026-08-15T08:14:07Z,0a5965b,follow,perception,② 跟停稳态间距,-5.19 m（426 拍）,"[4, 10] m",FAIL
2026-08-15T08:14:07Z,0a5965b,follow,perception,③ 驶离后恢复,2.84 s,≤ 3 s,PASS
2026-08-15T08:14:07Z,0a5965b,follow,perception,⑧ 零碰撞（真值最小间距）,0.00 m,> 0.3 m,FAIL
2026-08-15T08:16:32Z,0a5965b,follow,truth,① TTC 最小值（v_rel≥1.5）,2.43 s @t=48.040000000000006,> 2 s,PASS
2026-08-15T08:16:32Z,0a5965b,follow,truth,② 跟停稳态间距,4.46 m（499 拍）,"[4, 10] m",PASS
2026-08-15T08:16:32Z,0a5965b,follow,truth,③ 驶离后恢复,0.76 s,≤ 3 s,PASS
2026-08-15T08:16:32Z,0a5965b,follow,truth,⑧ 零碰撞（真值最小间距）,4.46 m,> 0.3 m,PASS
2026-08-15T08:16:32Z,0a5965b,follow,truth,⑨ 行为状态切换次数,1（FOLLOW→CRUISE）,≤ 4 次,PASS
2026-08-15T08:18:31Z,0a5965b,follow,perception,① TTC 最小值（v_rel≥1.5）,2.37 s @t=48.141000000000005,> 2 s,PASS
2026-08-15T08:18:31Z,0a5965b,follow,perception,② 跟停稳态间距,4.37 m（501 拍）,"[4, 10] m",PASS
2026-08-15T08:18:31Z,0a5965b,follow,perception,③ 驶离后恢复,0.90 s,≤ 3 s,PASS
2026-08-15T08:18:31Z,0a5965b,follow,perception,⑧ 零碰撞（真值最小间距）,4.37 m,> 0.3 m,PASS
2026-08-15T08:18:31Z,0a5965b,follow,perception,⑨ 行为状态切换次数,1（FOLLOW→CRUISE）,≤ 4 次,PASS
2026-08-15T08:42:34Z,0a5965b,follow,truth,① TTC 最小值（v_rel≥1.5）,2.44 s @t=47.74,> 2 s,PASS
2026-08-15T08:42:34Z,0a5965b,follow,truth,② 跟停稳态间距,4.48 m（499 拍）,"[4, 10] m",PASS
2026-08-15T08:42:34Z,0a5965b,follow,truth,③ 驶离后恢复,0.66 s,≤ 3 s,PASS
2026-08-15T08:42:34Z,0a5965b,follow,truth,⑧ 零碰撞（真值最小间距）,4.48 m,> 0.3 m,PASS
2026-08-15T08:42:34Z,0a5965b,follow,truth,⑨ 行为状态切换次数,1（FOLLOW→CRUISE）,≤ 4 次,PASS
2026-08-15T08:44:30Z,0a5965b,follow,perception,① TTC 最小值（v_rel≥1.5）,2.38 s @t=48.06,> 2 s,PASS
2026-08-15T08:44:30Z,0a5965b,follow,perception,② 跟停稳态间距,4.38 m（502 拍）,"[4, 10] m",PASS
2026-08-15T08:44:30Z,0a5965b,follow,perception,③ 驶离后恢复,0.86 s,≤ 3 s,PASS
2026-08-15T08:44:30Z,0a5965b,follow,perception,⑧ 零碰撞（真值最小间距）,4.38 m,> 0.3 m,PASS
2026-08-15T08:44:30Z,0a5965b,follow,perception,⑨ 行为状态切换次数,2（CRUISE→FOLLOW→CRUISE）,≤ 4 次,PASS
2026-08-15T08:46:16Z,0a5965b,crossing,truth,④ 占道期间完全停止,停于 t=43.1，距 4.05 m,v<0.05 且距离>3 m,PASS
2026-08-15T08:46:16Z,0a5965b,crossing,truth,⑤ 全程真值最近距离,1.59 m @t=53.3,> 1 m,PASS
2026-08-15T08:46:16Z,0a5965b,crossing,truth,⑥ 离开车道后恢复,0.86 s,≤ 3 s,PASS
2026-08-15T08:46:16Z,0a5965b,crossing,truth,⑧ 零碰撞（真值最小间距）,1.59 m,> 0.3 m,PASS
2026-08-15T08:46:16Z,0a5965b,crossing,truth,⑨ 行为状态切换次数,3（CRUISE→YIELD→FOLLOW→CRUISE）,≤ 4 次,PASS
2026-08-15T08:47:53Z,0a5965b,crossing,perception,④ 占道期间完全停止,停于 t=43.1，距 4.10 m,v<0.05 且距离>3 m,PASS
2026-08-15T08:47:53Z,0a5965b,crossing,perception,⑤ 全程真值最近距离,1.66 m @t=53.4,> 1 m,PASS
2026-08-15T08:47:53Z,0a5965b,crossing,perception,⑥ 离开车道后恢复,0.78 s,≤ 3 s,PASS
2026-08-15T08:47:53Z,0a5965b,crossing,perception,⑧ 零碰撞（真值最小间距）,1.66 m,> 0.3 m,PASS
2026-08-15T08:47:53Z,0a5965b,crossing,perception,⑨ 行为状态切换次数,3（CRUISE→YIELD→FOLLOW→CRUISE）,≤ 4 次,PASS
2026-08-15T08:50:42Z,0a5965b,junction,truth,⑦ 对车流的真值最小间距,4.23 m @t=96.7 vs cross_car_c,> 1.5 m,PASS
2026-08-15T08:50:42Z,0a5965b,junction,truth,⑦b 让行后恢复通过,让行停车 True，南行过路口 20 m True,恢复行驶且驶入横穿路,PASS
2026-08-15T08:50:42Z,0a5965b,junction,truth,⑧ 零碰撞（真值最小间距）,4.23 m,> 0.3 m,PASS
2026-08-15T08:50:42Z,0a5965b,junction,truth,⑨ 行为状态切换次数,3（CRUISE→YIELD→FOLLOW→CRUISE）,≤ 4 次,PASS
2026-08-15T08:53:38Z,0a5965b,junction,perception,⑦ 对车流的真值最小间距,1.98 m @t=96.8 vs cross_car_c,> 1.5 m,PASS
2026-08-15T08:53:38Z,0a5965b,junction,perception,⑦b 让行后恢复通过,让行停车 True，南行过路口 20 m True,恢复行驶且驶入横穿路,PASS
2026-08-15T08:53:38Z,0a5965b,junction,perception,⑧ 零碰撞（真值最小间距）,1.98 m,> 0.3 m,PASS
2026-08-15T08:53:38Z,0a5965b,junction,perception,⑨ 行为状态切换次数,4（CRUISE→YIELD→FOLLOW→YIELD→CRUISE）,≤ 4 次,PASS
2026-08-15T12:43:14Z,d047cc0,S01_S02_S07,-,max_lateral_error_m,0.284628,0.3,PASS
2026-08-15T12:43:14Z,d047cc0,S01_S02_S07,-,rms_lateral_error_m,0.0898312,0.1,PASS
2026-08-15T12:43:14Z,d047cc0,S01_S02_S07,-,steady_speed_error_mps,0.0626135,0.2,PASS
2026-08-15T12:43:14Z,d047cc0,S01_S02_S07,-,max_lateral_accel_mps2,1.91202,2.0,PASS
2026-08-15T12:43:14Z,d047cc0,S01_S02_S07,-,max_steer_rate_rad_s,0.5,0.5,PASS
2026-08-15T12:43:14Z,d047cc0,S01_S02_S07,-,goal_position_error_m,0.275556,1.0,PASS
2026-08-15T12:43:14Z,d047cc0,S01_S02_S07,-,goal_residual_speed_mps,0,0.05,PASS
2026-08-15T12:43:14Z,d047cc0,S01_S02_S07,-,max_cycle_time_ms,3,10.0,PASS
2026-08-15T12:44:07Z,d047cc0,S04_avoid,-,碰撞次数,0,0,PASS
2026-08-15T12:44:07Z,d047cc0,S04_avoid,-,最小侧向间距 (m),0.699,> 0.50,PASS
2026-08-15T12:44:07Z,d047cc0,S04_avoid,-,规划器最大横向偏移 (m),0.800,> 0.10,PASS
2026-08-15T12:44:07Z,d047cc0,S04_avoid,-,不越车道边线：最小余量 (m),0.162,> 0,PASS
2026-08-15T12:44:07Z,d047cc0,S04_avoid,-,回中心稳态 |d| (m),0.018,<= 0.15,PASS
2026-08-15T12:44:07Z,d047cc0,S04_avoid,-,绕完规划器偏移归零 (m),0.000,< 0.10,PASS
2026-08-15T12:44:07Z,d047cc0,S04_avoid,-,绕障段最大横向加速度 (m/s²),0.761,<= 1.5,PASS
2026-08-15T12:44:07Z,d047cc0,S04_avoid,-,绕障段跟踪误差 (m),0.092,<= 0.15,PASS
2026-08-15T12:44:07Z,d047cc0,S04_avoid,-,规划周期耗时 (ms),2.0,<= 50,PASS
2026-08-15T12:44:42Z,d047cc0,S04_block,-,碰撞次数,0,0,PASS
2026-08-15T12:44:42Z,d047cc0,S04_block,-,规划器报告不可行的拍数,442,> 0,PASS
2026-08-15T12:44:42Z,d047cc0,S04_block,-,终速 (m/s),0.000,< 0.10,PASS
2026-08-15T12:44:42Z,d047cc0,S04_block,-,停车点到障碍物间距 (m),4.206,>= 0.50,PASS
2026-08-15T12:46:36Z,d047cc0,follow,truth,① TTC 最小值（v_rel≥1.5）,2.45 s @t=48.040000000000006,> 2 s,PASS
2026-08-15T12:46:36Z,d047cc0,follow,truth,② 跟停稳态间距,4.42 m（496 拍）,"[4, 10] m",PASS
2026-08-15T12:46:36Z,d047cc0,follow,truth,③ 驶离后恢复,0.76 s,≤ 3 s,PASS
2026-08-15T12:46:36Z,d047cc0,follow,truth,⑧ 零碰撞（真值最小间距）,4.42 m,> 0.3 m,PASS
2026-08-15T12:46:36Z,d047cc0,follow,truth,⑨ 行为状态切换次数,1（FOLLOW→CRUISE）,≤ 4 次,PASS
2026-08-15T12:48:33Z,d047cc0,follow,perception,① TTC 最小值（v_rel≥1.5）,2.09 s @t=48.461000000000006,> 2 s,PASS
2026-08-15T12:48:33Z,d047cc0,follow,perception,② 跟停稳态间距,4.25 m（496 拍）,"[4, 10] m",PASS
2026-08-15T12:48:33Z,d047cc0,follow,perception,③ 驶离后恢复,1.42 s,≤ 3 s,PASS
2026-08-15T12:48:33Z,d047cc0,follow,perception,⑧ 零碰撞（真值最小间距）,4.25 m,> 0.3 m,PASS
2026-08-15T12:48:33Z,d047cc0,follow,perception,⑨ 行为状态切换次数,3（FOLLOW→CRUISE→FOLLOW→CRUISE）,≤ 4 次,PASS
2026-08-15T12:50:10Z,d047cc0,crossing,truth,④ 占道期间完全停止,停于 t=43.1，距 4.06 m,v<0.05 且距离>3 m,PASS
2026-08-15T12:50:10Z,d047cc0,crossing,truth,⑤ 全程真值最近距离,1.62 m @t=53.5,> 1 m,PASS
2026-08-15T12:50:10Z,d047cc0,crossing,truth,⑥ 离开车道后恢复,0.82 s,≤ 3 s,PASS
2026-08-15T12:50:10Z,d047cc0,crossing,truth,⑧ 零碰撞（真值最小间距）,1.62 m,> 0.3 m,PASS
2026-08-15T12:50:10Z,d047cc0,crossing,truth,⑨ 行为状态切换次数,3（CRUISE→YIELD→FOLLOW→CRUISE）,≤ 4 次,PASS
2026-08-15T12:51:46Z,d047cc0,crossing,perception,④ 占道期间完全停止,停于 t=43.1，距 4.16 m,v<0.05 且距离>3 m,PASS
2026-08-15T12:51:46Z,d047cc0,crossing,perception,⑤ 全程真值最近距离,1.65 m @t=53.6,> 1 m,PASS
2026-08-15T12:51:46Z,d047cc0,crossing,perception,⑥ 离开车道后恢复,0.76 s,≤ 3 s,PASS
2026-08-15T12:51:46Z,d047cc0,crossing,perception,⑧ 零碰撞（真值最小间距）,1.65 m,> 0.3 m,PASS
2026-08-15T12:51:46Z,d047cc0,crossing,perception,⑨ 行为状态切换次数,3（CRUISE→YIELD→FOLLOW→CRUISE）,≤ 4 次,PASS
2026-08-15T12:54:36Z,d047cc0,junction,truth,⑦ 对车流的真值最小间距,4.08 m @t=96.8 vs cross_car_c,> 1.5 m,PASS
2026-08-15T12:54:36Z,d047cc0,junction,truth,⑦b 让行后恢复通过,让行停车 True，南行过路口 20 m True,恢复行驶且驶入横穿路,PASS
2026-08-15T12:54:36Z,d047cc0,junction,truth,⑧ 零碰撞（真值最小间距）,4.08 m,> 0.3 m,PASS
2026-08-15T12:54:36Z,d047cc0,junction,truth,⑨ 行为状态切换次数,3（CRUISE→YIELD→FOLLOW→CRUISE）,≤ 4 次,PASS
2026-08-15T12:57:35Z,d047cc0,junction,perception,⑦ 对车流的真值最小间距,1.97 m @t=96.6 vs cross_car_c,> 1.5 m,PASS
2026-08-15T12:57:35Z,d047cc0,junction,perception,⑦b 让行后恢复通过,让行停车 True，南行过路口 20 m True,恢复行驶且驶入横穿路,PASS
2026-08-15T12:57:35Z,d047cc0,junction,perception,⑧ 零碰撞（真值最小间距）,1.97 m,> 0.3 m,PASS
2026-08-15T13:08:18Z,d047cc0,S01_S02_S07,-,max_lateral_error_m,0.284574,0.3,PASS
2026-08-15T13:08:18Z,d047cc0,S01_S02_S07,-,rms_lateral_error_m,0.0898116,0.1,PASS
2026-08-15T13:08:18Z,d047cc0,S01_S02_S07,-,steady_speed_error_mps,0.0627009,0.2,PASS
2026-08-15T13:08:18Z,d047cc0,S01_S02_S07,-,max_lateral_accel_mps2,1.91038,2.0,PASS
2026-08-15T13:08:18Z,d047cc0,S01_S02_S07,-,max_steer_rate_rad_s,0.5,0.5,PASS
2026-08-15T13:08:18Z,d047cc0,S01_S02_S07,-,goal_position_error_m,0.292697,1.0,PASS
2026-08-15T13:08:18Z,d047cc0,S01_S02_S07,-,goal_residual_speed_mps,0,0.05,PASS
2026-08-15T13:08:18Z,d047cc0,S01_S02_S07,-,max_cycle_time_ms,2,10.0,PASS
2026-08-15T13:09:11Z,d047cc0,S04_avoid,-,碰撞次数,0,0,PASS
2026-08-15T13:09:11Z,d047cc0,S04_avoid,-,最小侧向间距 (m),0.699,> 0.50,PASS
2026-08-15T13:09:11Z,d047cc0,S04_avoid,-,规划器最大横向偏移 (m),0.800,> 0.10,PASS
2026-08-15T13:09:11Z,d047cc0,S04_avoid,-,不越车道边线：最小余量 (m),0.162,> 0,PASS
2026-08-15T13:09:11Z,d047cc0,S04_avoid,-,回中心稳态 |d| (m),0.018,<= 0.15,PASS
2026-08-15T13:09:11Z,d047cc0,S04_avoid,-,绕完规划器偏移归零 (m),0.000,< 0.10,PASS
2026-08-15T13:09:11Z,d047cc0,S04_avoid,-,绕障段最大横向加速度 (m/s²),0.761,<= 1.5,PASS
2026-08-15T13:09:11Z,d047cc0,S04_avoid,-,绕障段跟踪误差 (m),0.092,<= 0.15,PASS
2026-08-15T13:09:11Z,d047cc0,S04_avoid,-,规划周期耗时 (ms),2.4,<= 50,PASS
2026-08-15T13:09:46Z,d047cc0,S04_block,-,碰撞次数,0,0,PASS
2026-08-15T13:09:46Z,d047cc0,S04_block,-,规划器报告不可行的拍数,444,> 0,PASS
2026-08-15T13:09:46Z,d047cc0,S04_block,-,终速 (m/s),0.000,< 0.10,PASS
2026-08-15T13:09:46Z,d047cc0,S04_block,-,停车点到障碍物间距 (m),4.045,>= 0.50,PASS
2026-08-15T13:11:39Z,d047cc0,follow,truth,① TTC 最小值（v_rel≥1.5）,2.44 s @t=48.040000000000006,> 2 s,PASS
2026-08-15T13:11:39Z,d047cc0,follow,truth,② 跟停稳态间距,4.47 m（499 拍）,"[4, 10] m",PASS
2026-08-15T13:11:39Z,d047cc0,follow,truth,③ 驶离后恢复,0.74 s,≤ 3 s,PASS
2026-08-15T13:11:39Z,d047cc0,follow,truth,⑧ 零碰撞（真值最小间距）,4.47 m,> 0.3 m,PASS
2026-08-15T13:11:39Z,d047cc0,follow,truth,⑨ 行为状态切换次数,1（FOLLOW→CRUISE）,≤ 4 次,PASS
2026-08-15T13:13:32Z,d047cc0,follow,perception,① TTC 最小值（v_rel≥1.5）,2.41 s @t=48.06,> 2 s,PASS
2026-08-15T13:13:32Z,d047cc0,follow,perception,② 跟停稳态间距,4.32 m（500 拍）,"[4, 10] m",PASS
2026-08-15T13:13:32Z,d047cc0,follow,perception,③ 驶离后恢复,0.86 s,≤ 3 s,PASS
2026-08-15T13:13:32Z,d047cc0,follow,perception,⑧ 零碰撞（真值最小间距）,4.32 m,> 0.3 m,PASS
2026-08-15T13:13:32Z,d047cc0,follow,perception,⑨ 行为状态切换次数,3（FOLLOW→CRUISE→YIELD→CRUISE）,≤ 4 次,PASS
2026-08-15T13:15:10Z,d047cc0,crossing,truth,④ 占道期间完全停止,停于 t=43.1，距 4.04 m,v<0.05 且距离>3 m,PASS
2026-08-15T13:15:10Z,d047cc0,crossing,truth,⑤ 全程真值最近距离,1.62 m @t=54.4,> 1 m,PASS
2026-08-15T13:15:10Z,d047cc0,crossing,truth,⑥ 离开车道后恢复,0.94 s,≤ 3 s,PASS
2026-08-15T13:15:10Z,d047cc0,crossing,truth,⑧ 零碰撞（真值最小间距）,1.62 m,> 0.3 m,PASS
2026-08-15T13:15:10Z,d047cc0,crossing,truth,⑨ 行为状态切换次数,3（CRUISE→YIELD→FOLLOW→CRUISE）,≤ 4 次,PASS
2026-08-15T13:16:48Z,d047cc0,crossing,perception,④ 占道期间完全停止,停于 t=43.1，距 4.25 m,v<0.05 且距离>3 m,PASS
2026-08-15T13:16:48Z,d047cc0,crossing,perception,⑤ 全程真值最近距离,1.63 m @t=54.4,> 1 m,PASS
2026-08-15T13:16:48Z,d047cc0,crossing,perception,⑥ 离开车道后恢复,0.78 s,≤ 3 s,PASS
2026-08-15T13:16:48Z,d047cc0,crossing,perception,⑧ 零碰撞（真值最小间距）,1.63 m,> 0.3 m,PASS
2026-08-15T13:19:42Z,d047cc0,junction,truth,⑦ 对车流的真值最小间距,4.21 m @t=96.8 vs cross_car_c,> 1.5 m,PASS
2026-08-15T13:19:42Z,d047cc0,junction,truth,⑦b 让行后恢复通过,让行停车 True，南行过路口 20 m True,恢复行驶且驶入横穿路,PASS
2026-08-15T13:19:42Z,d047cc0,junction,truth,⑧ 零碰撞（真值最小间距）,4.21 m,> 0.3 m,PASS
2026-08-15T13:19:42Z,d047cc0,junction,truth,⑨ 行为状态切换次数,3（CRUISE→YIELD→FOLLOW→CRUISE）,≤ 4 次,PASS
2026-08-15T13:22:39Z,d047cc0,junction,perception,⑦ 对车流的真值最小间距,2.08 m @t=96.8 vs cross_car_c,> 1.5 m,PASS
2026-08-15T13:22:39Z,d047cc0,junction,perception,⑦b 让行后恢复通过,让行停车 True，南行过路口 20 m True,恢复行驶且驶入横穿路,PASS
2026-08-15T13:22:39Z,d047cc0,junction,perception,⑧ 零碰撞（真值最小间距）,2.08 m,> 0.3 m,PASS
2026-08-16T03:11:59Z,31c6f86,follow,truth,① TTC 最小值（v_rel≥1.5）,2.40 s @t=47.74,> 2 s,PASS
2026-08-16T03:11:59Z,31c6f86,follow,truth,② 跟停稳态间距,4.50 m（500 拍）,"[4, 10] m",PASS
2026-08-16T03:11:59Z,31c6f86,follow,truth,③ 驶离后恢复,0.66 s,≤ 3 s,PASS
2026-08-16T03:11:59Z,31c6f86,follow,truth,⑧ 零碰撞（真值最小间距）,4.50 m,> 0.3 m,PASS
2026-08-16T03:11:59Z,31c6f86,follow,truth,⑨ 行为状态切换次数,1（FOLLOW→CRUISE）,≤ 4 次,PASS
2026-08-16T03:13:50Z,31c6f86,follow,perception,① TTC 最小值（v_rel≥1.5）,2.38 s @t=48.14,> 2 s,PASS
2026-08-16T03:13:50Z,31c6f86,follow,perception,② 跟停稳态间距,4.37 m（499 拍）,"[4, 10] m",PASS
2026-08-16T03:13:50Z,31c6f86,follow,perception,③ 驶离后恢复,0.82 s,≤ 3 s,PASS
2026-08-16T03:13:50Z,31c6f86,follow,perception,⑧ 零碰撞（真值最小间距）,4.37 m,> 0.3 m,PASS
2026-08-16T03:13:50Z,31c6f86,follow,perception,⑨ 行为状态切换次数,3（FOLLOW→CRUISE→YIELD→CRUISE）,≤ 4 次,PASS
2026-08-16T06:54:28Z,c0239de,S01_S02_S07,-,max_lateral_error_m,0.269537,0.3,PASS
2026-08-16T06:54:28Z,c0239de,S01_S02_S07,-,rms_lateral_error_m,0.0896964,0.1,PASS
2026-08-16T06:54:28Z,c0239de,S01_S02_S07,-,steady_speed_error_mps,0.0625757,0.2,PASS
2026-08-16T06:54:28Z,c0239de,S01_S02_S07,-,max_lateral_accel_mps2,1.90308,2.0,PASS
2026-08-16T06:54:28Z,c0239de,S01_S02_S07,-,max_steer_rate_rad_s,0.5,0.5,PASS
2026-08-16T06:54:28Z,c0239de,S01_S02_S07,-,goal_position_error_m,0.285787,1.0,PASS
2026-08-16T06:54:28Z,c0239de,S01_S02_S07,-,goal_residual_speed_mps,0,0.05,PASS
2026-08-16T06:54:28Z,c0239de,S01_S02_S07,-,max_cycle_time_ms,3,10.0,PASS
2026-08-16T06:55:21Z,c0239de,S04_avoid,-,碰撞次数,0,0,PASS
2026-08-16T06:55:21Z,c0239de,S04_avoid,-,最小侧向间距 (m),0.698,> 0.50,PASS
2026-08-16T06:55:21Z,c0239de,S04_avoid,-,规划器最大横向偏移 (m),0.800,> 0.10,PASS
2026-08-16T06:55:21Z,c0239de,S04_avoid,-,不越车道边线：最小余量 (m),0.162,> 0,PASS
2026-08-16T06:55:21Z,c0239de,S04_avoid,-,回中心稳态 |d| (m),0.018,<= 0.15,PASS
2026-08-16T06:55:21Z,c0239de,S04_avoid,-,绕完规划器偏移归零 (m),0.000,< 0.10,PASS
2026-08-16T06:55:21Z,c0239de,S04_avoid,-,绕障段最大横向加速度 (m/s²),0.760,<= 1.5,PASS
2026-08-16T06:55:21Z,c0239de,S04_avoid,-,绕障段跟踪误差 (m),0.092,<= 0.15,PASS
2026-08-16T06:55:21Z,c0239de,S04_avoid,-,规划周期耗时 (ms),3.9,<= 50,PASS
2026-08-16T06:55:57Z,c0239de,S04_block,-,碰撞次数,0,0,PASS
2026-08-16T06:55:57Z,c0239de,S04_block,-,规划器报告不可行的拍数,444,> 0,PASS
2026-08-16T06:55:57Z,c0239de,S04_block,-,终速 (m/s),0.000,< 0.10,PASS
2026-08-16T06:55:57Z,c0239de,S04_block,-,停车点到障碍物间距 (m),4.044,>= 0.50,PASS
2026-08-16T06:57:50Z,c0239de,follow,truth,① TTC 最小值（v_rel≥1.5）,2.46 s @t=48.040000000000006,> 2 s,PASS
2026-08-16T06:57:50Z,c0239de,follow,truth,② 跟停稳态间距,4.41 m（498 拍）,"[4, 10] m",PASS
2026-08-16T06:57:50Z,c0239de,follow,truth,③ 驶离后恢复,0.70 s,≤ 3 s,PASS
2026-08-16T06:57:50Z,c0239de,follow,truth,⑧ 零碰撞（真值最小间距）,4.41 m,> 0.3 m,PASS
2026-08-16T06:57:50Z,c0239de,follow,truth,⑨ 行为状态切换次数,1（FOLLOW→CRUISE）,≤ 4 次,PASS
2026-08-16T06:59:45Z,c0239de,follow,perception,① TTC 最小值（v_rel≥1.5）,2.35 s @t=48.14,> 2 s,PASS
2026-08-16T06:59:45Z,c0239de,follow,perception,② 跟停稳态间距,4.32 m（500 拍）,"[4, 10] m",PASS
2026-08-16T06:59:45Z,c0239de,follow,perception,③ 驶离后恢复,0.92 s,≤ 3 s,PASS
2026-08-16T06:59:45Z,c0239de,follow,perception,⑧ 零碰撞（真值最小间距）,4.32 m,> 0.3 m,PASS
2026-08-16T06:59:45Z,c0239de,follow,perception,⑨ 行为状态切换次数,3（FOLLOW→CRUISE→YIELD→CRUISE）,≤ 4 次,PASS
2026-08-16T07:01:23Z,c0239de,crossing,truth,④ 占道期间完全停止,停于 t=43.1，距 4.13 m,v<0.05 且距离>3 m,PASS
2026-08-16T07:01:23Z,c0239de,crossing,truth,⑤ 全程真值最近距离,1.60 m @t=53.3,> 1 m,PASS
2026-08-16T07:01:23Z,c0239de,crossing,truth,⑥ 离开车道后恢复,0.86 s,≤ 3 s,PASS
2026-08-16T07:01:23Z,c0239de,crossing,truth,⑧ 零碰撞（真值最小间距）,1.60 m,> 0.3 m,PASS
2026-08-16T07:01:23Z,c0239de,crossing,truth,⑨ 行为状态切换次数,3（CRUISE→YIELD→FOLLOW→CRUISE）,≤ 4 次,PASS
2026-08-16T07:03:04Z,c0239de,crossing,perception,④ 占道期间完全停止,停于 t=43.1，距 4.11 m,v<0.05 且距离>3 m,PASS
2026-08-16T07:03:04Z,c0239de,crossing,perception,⑤ 全程真值最近距离,1.64 m @t=53.4,> 1 m,PASS
2026-08-16T07:03:04Z,c0239de,crossing,perception,⑥ 离开车道后恢复,0.76 s,≤ 3 s,PASS
2026-08-16T07:03:04Z,c0239de,crossing,perception,⑧ 零碰撞（真值最小间距）,1.64 m,> 0.3 m,PASS
2026-08-16T07:06:03Z,c0239de,junction,truth,⑦ 对车流的真值最小间距,4.25 m @t=96.7 vs cross_car_c,> 1.5 m,PASS
2026-08-16T07:06:03Z,c0239de,junction,truth,⑦b 让行后恢复通过,让行停车 True，南行过路口 20 m True,恢复行驶且驶入横穿路,PASS
2026-08-16T07:06:03Z,c0239de,junction,truth,⑧ 零碰撞（真值最小间距）,4.25 m,> 0.3 m,PASS
2026-08-16T07:06:03Z,c0239de,junction,truth,⑨ 行为状态切换次数,3（CRUISE→YIELD→FOLLOW→CRUISE）,≤ 4 次,PASS
2026-08-16T07:09:08Z,c0239de,junction,perception,⑦ 对车流的真值最小间距,3.74 m @t=96.7 vs cross_car_c,> 1.5 m,PASS
2026-08-16T07:09:08Z,c0239de,junction,perception,⑦b 让行后恢复通过,让行停车 True，南行过路口 20 m True,恢复行驶且驶入横穿路,PASS
2026-08-16T07:09:08Z,c0239de,junction,perception,⑧ 零碰撞（真值最小间距）,3.74 m,> 0.3 m,PASS
